BEGIN TRANSACTION;
CREATE TABLE "Campaign" (
	id INTEGER NOT NULL, 
	"ActualCost" VARCHAR(255), 
	"BudgetedCost" VARCHAR(255), 
	"Description" VARCHAR(255), 
	"EndDate" VARCHAR(255), 
	"ExpectedResponse" VARCHAR(255), 
	"ExpectedRevenue" VARCHAR(255), 
	"GW_Volunteers__Volunteer_Website_Time_Zone__c" VARCHAR(255), 
	"IsActive" VARCHAR(255), 
	"Name" VARCHAR(255), 
	"NumberSent" VARCHAR(255), 
	"RecordTypeId" VARCHAR(255), 
	"StartDate" VARCHAR(255), 
	"Status" VARCHAR(255), 
	"Type" VARCHAR(255), 
	"ParentId" VARCHAR(255), 
	PRIMARY KEY (id)
);
INSERT INTO "Campaign" VALUES(1,'','','','2023-03-17','0.0','','','True','Annual Community Gala','0.0','0128N000001omptQAA','2023-03-17','Planned','Conference','');
INSERT INTO "Campaign" VALUES(2,'','','','2055-11-29','0.0','','','True','Animal Welfare','0.0','0128N000001omptQAA','2022-11-01','In Progress','Conference','');
INSERT INTO "Campaign" VALUES(3,'','','','2023-05-20','0.0','','','True','Annual Foundation Gala','0.0','0128N000001omptQAA','2023-05-20','In Progress','Conference','');
INSERT INTO "Campaign" VALUES(4,'','','','2055-11-29','0.0','','','True','Equine Therapy','0.0','0128N000001omptQAA','2022-11-01','In Progress','Conference','');
INSERT INTO "Campaign" VALUES(5,'','','','2055-11-29','0.0','','','True','Environmental Impact','0.0','0128N000001omptQAA','2022-11-01','In Progress','Conference','');
INSERT INTO "Campaign" VALUES(6,'','','','2055-11-29','0.0','','','True','Food Distribution and Nutrition','0.0','0128N000001omptQAA','2022-11-01','In Progress','Conference','');
INSERT INTO "Campaign" VALUES(7,'','','','2023-03-17','0.0','','','True','Special Events','0.0','0128N000001omptQAA','2023-03-17','Planned','Conference','');
CREATE TABLE "CampaignMemberStatus" (
	id INTEGER NOT NULL, 
	"HasResponded" VARCHAR(255), 
	"IsDefault" VARCHAR(255), 
	"Label" VARCHAR(255), 
	"SortOrder" VARCHAR(255), 
	"CampaignId" VARCHAR(255), 
	PRIMARY KEY (id)
);
INSERT INTO "CampaignMemberStatus" VALUES(1,'False','True','Prospect','100','7');
INSERT INTO "CampaignMemberStatus" VALUES(2,'True','False','Confirmed','200','7');
INSERT INTO "CampaignMemberStatus" VALUES(3,'True','False','Completed','300','7');
INSERT INTO "CampaignMemberStatus" VALUES(4,'False','False','No-Show','400','7');
INSERT INTO "CampaignMemberStatus" VALUES(5,'False','False','Canceled','500','7');
INSERT INTO "CampaignMemberStatus" VALUES(6,'False','True','Prospect','100','1');
INSERT INTO "CampaignMemberStatus" VALUES(7,'True','False','Confirmed','200','1');
INSERT INTO "CampaignMemberStatus" VALUES(8,'True','False','Completed','300','1');
INSERT INTO "CampaignMemberStatus" VALUES(9,'False','False','No-Show','400','1');
INSERT INTO "CampaignMemberStatus" VALUES(10,'False','False','Canceled','500','1');
INSERT INTO "CampaignMemberStatus" VALUES(11,'False','True','Prospect','100','2');
INSERT INTO "CampaignMemberStatus" VALUES(12,'True','False','Confirmed','200','2');
INSERT INTO "CampaignMemberStatus" VALUES(13,'True','False','Completed','300','2');
INSERT INTO "CampaignMemberStatus" VALUES(14,'False','False','No-Show','400','2');
INSERT INTO "CampaignMemberStatus" VALUES(15,'False','False','Canceled','500','2');
INSERT INTO "CampaignMemberStatus" VALUES(16,'False','True','Prospect','100','3');
INSERT INTO "CampaignMemberStatus" VALUES(17,'True','False','Confirmed','200','3');
INSERT INTO "CampaignMemberStatus" VALUES(18,'True','False','Completed','300','3');
INSERT INTO "CampaignMemberStatus" VALUES(19,'False','False','No-Show','400','3');
INSERT INTO "CampaignMemberStatus" VALUES(20,'False','False','Canceled','500','3');
INSERT INTO "CampaignMemberStatus" VALUES(21,'False','True','Prospect','100','4');
INSERT INTO "CampaignMemberStatus" VALUES(22,'True','False','Confirmed','200','4');
INSERT INTO "CampaignMemberStatus" VALUES(23,'True','False','Completed','300','4');
INSERT INTO "CampaignMemberStatus" VALUES(24,'False','False','No-Show','400','4');
INSERT INTO "CampaignMemberStatus" VALUES(25,'False','False','Canceled','500','4');
INSERT INTO "CampaignMemberStatus" VALUES(26,'False','True','Prospect','100','5');
INSERT INTO "CampaignMemberStatus" VALUES(27,'True','False','Confirmed','200','5');
INSERT INTO "CampaignMemberStatus" VALUES(28,'True','False','Completed','300','5');
INSERT INTO "CampaignMemberStatus" VALUES(29,'False','False','No-Show','400','5');
INSERT INTO "CampaignMemberStatus" VALUES(30,'False','False','Canceled','500','5');
INSERT INTO "CampaignMemberStatus" VALUES(31,'False','True','Prospect','100','6');
INSERT INTO "CampaignMemberStatus" VALUES(32,'True','False','Confirmed','200','6');
INSERT INTO "CampaignMemberStatus" VALUES(33,'True','False','Completed','300','6');
INSERT INTO "CampaignMemberStatus" VALUES(34,'False','False','No-Show','400','6');
INSERT INTO "CampaignMemberStatus" VALUES(35,'False','False','Canceled','500','6');
CREATE TABLE "Campaign_rt_mapping" (
	record_type_id VARCHAR(18) NOT NULL, 
	developer_name VARCHAR(255), 
	PRIMARY KEY (record_type_id)
);
INSERT INTO "Campaign_rt_mapping" VALUES('0128N000001omptQAA','Volunteers_Campaign');
CREATE TABLE "GW_Volunteers__Job_Recurrence_Schedule__c" (
	id INTEGER NOT NULL, 
	"GW_Volunteers__Days_of_Week__c" VARCHAR(255), 
	"GW_Volunteers__Description__c" VARCHAR(255), 
	"GW_Volunteers__Desired_Number_of_Volunteers__c" VARCHAR(255), 
	"GW_Volunteers__Duration__c" VARCHAR(255), 
	"GW_Volunteers__Schedule_End_Date__c" VARCHAR(255), 
	"GW_Volunteers__Schedule_Start_Date_Time__c" VARCHAR(255), 
	"GW_Volunteers__Weekly_Occurrence__c" VARCHAR(255), 
	"GW_Volunteers__Volunteer_Job__c" VARCHAR(255), 
	PRIMARY KEY (id)
);
INSERT INTO "GW_Volunteers__Job_Recurrence_Schedule__c" VALUES(1,'Monday;Wednesday;Friday','','5.0','2.0','2023-12-31','2023-01-01T12:00:00.000+0000','Every','11');
INSERT INTO "GW_Volunteers__Job_Recurrence_Schedule__c" VALUES(2,'Saturday','','25.0','4.0','2023-12-31','2023-05-06T17:00:00.000+0000','3rd','14');
INSERT INTO "GW_Volunteers__Job_Recurrence_Schedule__c" VALUES(3,'Wednesday;Saturday','','3.0','3.0','2023-12-31','2023-03-04T18:00:00.000+0000','Every','15');
INSERT INTO "GW_Volunteers__Job_Recurrence_Schedule__c" VALUES(4,'Saturday','','20.0','6.0','2023-12-31','2023-04-01T17:00:00.000+0000','4th','16');
INSERT INTO "GW_Volunteers__Job_Recurrence_Schedule__c" VALUES(5,'Tuesday;Wednesday;Thursday','','10.0','8.0','2023-12-31','2023-10-16T17:00:00.000+0000','Every','18');
INSERT INTO "GW_Volunteers__Job_Recurrence_Schedule__c" VALUES(6,'Tuesday;Thursday','','5.0','2.0','2023-12-31','2023-01-05T23:00:00.000+0000','Every','19');
INSERT INTO "GW_Volunteers__Job_Recurrence_Schedule__c" VALUES(7,'Saturday','','40.0','4.0','2023-12-31','2023-03-04T18:00:00.000+0000','2nd','20');
INSERT INTO "GW_Volunteers__Job_Recurrence_Schedule__c" VALUES(8,'Monday;Tuesday;Wednesday;Thursday;Friday','','10.0','2.0','2023-12-31','2023-01-02T13:00:00.000+0000','Every','22');
INSERT INTO "GW_Volunteers__Job_Recurrence_Schedule__c" VALUES(9,'Saturday','Saturday Shifts','70.0','4.0','2023-12-31','2023-01-07T16:00:00.000+0000','Every','23');
INSERT INTO "GW_Volunteers__Job_Recurrence_Schedule__c" VALUES(10,'Monday;Tuesday;Wednesday;Thursday;Friday','','5.0','3.0','2023-12-31','2023-01-02T18:00:00.000+0000','Every','24');
INSERT INTO "GW_Volunteers__Job_Recurrence_Schedule__c" VALUES(11,'Sunday;Saturday','','10.0','5.0','2023-12-31','2023-03-04T18:00:00.000+0000','Every','26');
INSERT INTO "GW_Volunteers__Job_Recurrence_Schedule__c" VALUES(12,'Tuesday;Thursday','Evening Shifts','25.0','3.0','2023-12-31','2023-01-02T00:00:00.000+0000','Every','28');
INSERT INTO "GW_Volunteers__Job_Recurrence_Schedule__c" VALUES(13,'Monday;Tuesday;Wednesday;Thursday;Friday','','3.0','4.0','2023-12-31','2023-05-01T17:30:00.000+0000','Every','2');
INSERT INTO "GW_Volunteers__Job_Recurrence_Schedule__c" VALUES(14,'Monday;Wednesday;Friday','','3.0','4.0','2023-12-31','2023-05-01T14:00:00.000+0000','Every','2');
INSERT INTO "GW_Volunteers__Job_Recurrence_Schedule__c" VALUES(15,'Monday;Tuesday;Wednesday;Thursday;Friday','','3.0','3.0','2023-12-31','2023-05-01T22:00:00.000+0000','Every','2');
INSERT INTO "GW_Volunteers__Job_Recurrence_Schedule__c" VALUES(16,'Saturday','','5.0','4.0','2023-12-31','2023-05-27T13:00:00.000+0000','Every','3');
INSERT INTO "GW_Volunteers__Job_Recurrence_Schedule__c" VALUES(17,'Monday;Tuesday;Wednesday;Thursday;Friday','Weekday Afternoon Shift(s)','45.0','4.0','2023-12-31','2023-01-01T19:00:00.000+0000','Every','4');
INSERT INTO "GW_Volunteers__Job_Recurrence_Schedule__c" VALUES(18,'Monday;Tuesday;Wednesday;Thursday;Friday','Weekday Morning Shift(s)','45.0','3.0','2023-12-31','2023-01-01T15:00:00.000+0000','Every','4');
INSERT INTO "GW_Volunteers__Job_Recurrence_Schedule__c" VALUES(19,'Monday;Tuesday;Wednesday;Thursday;Friday','','10.0','4.0','2023-12-31','2023-06-05T17:30:00.000+0000','Every','4');
INSERT INTO "GW_Volunteers__Job_Recurrence_Schedule__c" VALUES(20,'Monday;Tuesday;Wednesday;Thursday;Friday','','10.0','4.0','2023-12-31','2023-06-05T12:00:00.000+0000','Every','4');
INSERT INTO "GW_Volunteers__Job_Recurrence_Schedule__c" VALUES(21,'Sunday;Thursday','','5.0','3.0','2023-12-31','2023-04-13T17:00:00.000+0000','Every','6');
CREATE TABLE "GW_Volunteers__Volunteer_Job__c" (
	id INTEGER NOT NULL, 
	"FlowToolKit__cUnite_Featured__c" VARCHAR(255), 
	"FlowToolKit__cUnite_Location_Country__c" VARCHAR(255), 
	"FlowToolKit__cUnite_Location_Name__c" VARCHAR(255), 
	"FlowToolKit__cUnite_Shift_Day_of_the_Week_Badge__c" VARCHAR(255), 
	"FlowToolKit__cUnite_Shift_Range__c" VARCHAR(255), 
	"FlowToolKit__cUnite_Shift_Signup_Limit__c" VARCHAR(255), 
	"FlowToolKit__cUnite_Shift_Start_Time_Badge__c" VARCHAR(255), 
	"FlowToolKit__cUnite_Type__c" VARCHAR(255), 
	"FlowToolKit__cUnite_Volunteer_Types__c" VARCHAR(255), 
	"GW_Volunteers__Description__c" VARCHAR(255), 
	"GW_Volunteers__Display_on_Website__c" VARCHAR(255), 
	"GW_Volunteers__External_Signup_Url__c" VARCHAR(255), 
	"GW_Volunteers__Inactive__c" VARCHAR(255), 
	"GW_Volunteers__Location_City__c" VARCHAR(255), 
	"GW_Volunteers__Location_Information__c" VARCHAR(255), 
	"GW_Volunteers__Location_Street__c" VARCHAR(255), 
	"GW_Volunteers__Location_Zip_Postal_Code__c" VARCHAR(255), 
	"GW_Volunteers__Location__c" VARCHAR(255), 
	"GW_Volunteers__Ongoing__c" VARCHAR(255), 
	"GW_Volunteers__Skills_Needed__c" VARCHAR(255), 
	"GW_Volunteers__Volunteer_Website_Time_Zone__c" VARCHAR(255), 
	"Name" VARCHAR(255), 
	"cUnite_Banner_Image__c" VARCHAR(255), 
	"FlowToolKit__cUnite_Location__c" VARCHAR(255), 
	"GW_Volunteers__Campaign__c" VARCHAR(255), 
	PRIMARY KEY (id)
);
INSERT INTO "GW_Volunteers__Volunteer_Job__c" VALUES(1,'False','United States','Salesforce Ranch','','','','','Foster/Adopt','Individuals','<p>Volunteers are needed to help care for and exercise our therapy horses. Our organization is dedicated to helping individuals with disabilities and special needs through equine-assisted therapy, and we rely on the support of volunteers like you to keep our horses happy and healthy.</p><p><br></p><p><strong style="font-size: 16px;">Type of Task:</strong></p><p>As a volunteer, you will be responsible for weekly exercise, cleaning stalls, and bathing the horses. This may include leading the horses on walks or in the arena, grooming and tacking them up, and assisting with basic medical care. You will also help maintain the barn area, including mucking stalls and sweeping the barn aisle.</p><p><br></p><p><strong style="font-size: 16px;">Skills Needed:</strong></p><p>To be a successful volunteer for this opportunity, you should have a passion for working with horses and helping others. You should also be comfortable working around large animals and be physically fit enough to complete tasks such as lifting hay bales and cleaning stalls. Some previous experience with horses is preferred, but not required.</p><p><br></p><p><strong style="font-size: 16px;">Expectations:</strong></p><p>Volunteers will be expected to commit to a regular schedule, and may need to work independently or with a small team. You should also be comfortable taking direction from staff and following safety guidelines at all times. Prior to starting, you will receive training on basic horse care and handling, as well as an orientation to our facility and program.</p><p style="text-align: justify;">This is a unique and rewarding opportunity to make a positive impact on the lives of individuals with special needs while working with animals. If you are passionate about horses and helping others, please consider applying to be a volunteer for our therapy horse program.</p>','True','','False','Burlington','<p style="text-align: justify;"><strong style="font-size: 16px;">Quisque diam risus, fermentum facilisis eros eget, auctor lacinia dui</strong>. </p><p style="text-align: justify;">Mauris nec rhoncus dui. Interdum et malesuada fames ac ante ipsum primis in faucibus. Interdum et malesuada fames ac ante ipsum primis in faucibus. Donec eleifend varius lorem ut consectetur. Etiam non porta augue. Mauris condimentum sagittis ligula bibendum laoreet. </p><p style="text-align: justify;"><br></p><p style="text-align: justify;"><strong style="font-size: 16px;">Cras dapibus elit at lacus euismod viverra ac porttitor felis</strong>. </p><p style="text-align: justify;">Class aptent taciti sociosqu ad litora torquent per conubia nostra, per inceptos himenaeos. Etiam semper dui quis tellus hendrerit mollis. Orci varius natoque penatibus et magnis dis parturient montes, nascetur ridiculus mus. Praesent tellus nulla, rhoncus ac vulputate a, varius ac sem. Quisque suscipit eleifend viverra. Proin sed lorem eget sapien volutpat accumsan quis quis metus. Etiam leo arcu, molestie quis hendrerit vitae, ultricies non sem.</p><p><br></p>','5 Wall St','01803','MA','True','Manual Labor','America/Chicago','Adopt a Therapy Horse','/file-asset-public/FlowToolKit_VolunteerHorseTherapy','','4');
INSERT INTO "GW_Volunteers__Volunteer_Job__c" VALUES(2,'True','United States','Salesforce Tower Pet Project','','','','','Organizational Support','Individuals','<p>If you love animals and want to make a difference in their lives, then this volunteer opportunity at the Pet Adoption Center is perfect for you! We are looking for compassionate and dedicated individuals to help us walk dogs, clean kennels, and greet new dog foster families.</p><p><br></p><p><strong style="font-size: 16px;">As a volunteer at the Pet Adoption Center, you will have the opportunity to:</strong></p><ul><li>Walk and exercise dogs to keep them healthy and happy</li><li>Clean and sanitize kennels to maintain a safe and comfortable environment for the animals</li><li>Greet new dog foster families and provide them with information about our adoption process</li><li>Assist with events and fundraising activities to help support our mission</li></ul><p><strong style="font-size: 16px;">Check-in and What to Expect:</strong></p><ul><li>Check-in begins 15 minutes before the start time.</li><li>Please arrive on time, dressed appropriately, and ready to work.</li><li>You will receive training on how to handle and care for the animals.</li><li>You will work as part of a team and be assigned specific tasks and responsibilities.</li><li>The volunteer shift lasts approximately 2-3 hours.</li></ul><p><strong style="font-size: 16px;">Qualifications and Skills:</strong></p><ul><li>Must be at least 18 years old.</li><li>Must have a love for animals and a desire to make a difference in their lives.</li><li>Must be able to follow safety guidelines and handle animals in a responsible manner.</li><li>Must be able to work in a team-oriented environment and take direction from staff.</li></ul><p style="text-align: justify;">This is a rewarding opportunity to make a difference in the lives of animals and help them find loving forever homes. Join us and become a part of our Pet Adoption Center volunteer team today!</p>','True','','False','Burlington','<p style="text-align: justify;"><strong style="font-size: 16px;">Quisque diam risus, fermentum facilisis eros eget, auctor lacinia dui</strong>. </p><p style="text-align: justify;">Mauris nec rhoncus dui. Interdum et malesuada fames ac ante ipsum primis in faucibus. Interdum et malesuada fames ac ante ipsum primis in faucibus. Donec eleifend varius lorem ut consectetur. Etiam non porta augue. Mauris condimentum sagittis ligula bibendum laoreet. </p><p style="text-align: justify;"><br></p><p style="text-align: justify;"><strong style="font-size: 16px;">Cras dapibus elit at lacus euismod viverra ac porttitor felis</strong>. </p><p style="text-align: justify;">Class aptent taciti sociosqu ad litora torquent per conubia nostra, per inceptos himenaeos. Etiam semper dui quis tellus hendrerit mollis. Orci varius natoque penatibus et magnis dis parturient montes, nascetur ridiculus mus. Praesent tellus nulla, rhoncus ac vulputate a, varius ac sem. Quisque suscipit eleifend viverra. Proin sed lorem eget sapien volutpat accumsan quis quis metus. Etiam leo arcu, molestie quis hendrerit vitae, ultricies non sem.</p><p><br></p>','5 Wall St','01803','MA','False','Manual Labor','America/Chicago','Volunteer @ Pet Adoption Center','/file-asset-public/FlowToolKit_VolunteerFosterADog','','2');
INSERT INTO "GW_Volunteers__Volunteer_Job__c" VALUES(3,'False','Canada','Salesforce Tower Ranch','','','','','One-on-One Support','Individuals','<p><strong style="font-size: 14px;">Phasellus viverra in elit non ornare:</strong> Etiam semper facilisis magna id pharetra. In nec maximus justo, quis porta purus. Mauris dapibus est sapien, ut facilisis velit suscipit nec. Praesent congue nec nunc nec congue. Aenean turpis dolor, tincidunt vitae accumsan ut, pretium eget massa.</p><p><br></p><p><strong style="font-size: 14px;">Phasellus venenatis felis mauris, id volutpat lorem fermentum a</strong>. Vestibulum elementum ultricies metus, sed sodales quam dapibus ut. Aliquam auctor, est a ornare ornare, dui ex aliquam risus, eget fringilla dolor nunc eget justo. Nunc interdum, velit nec faucibus ultrices, ipsum odio ullamcorper dui, ac vehicula quam velit ut augue. Donec mi urna, porta at malesuada sed, imperdiet quis libero. Proin vitae ullamcorper leo. Nulla iaculis, risus non molestie scelerisque, quam orci maximus nibh, sed pharetra leo velit sed eros. Praesent sed ornare nisl. Praesent hendrerit condimentum mollis. Integer tincidunt viverra quam in aliquam. Aenean vestibulum sem sit amet porta rutrum. Aliquam turpis est, ullamcorper quis libero sed, sagittis egestas risus. Donec sit amet elementum lorem, non consectetur quam. Duis a tortor nec lectus vestibulum cursus. Suspendisse lobortis quis nibh a vehicula.</p><p><br></p><p><strong style="font-size: 14px;">Ut in risus urna</strong>. Sed varius metus in libero condimentum lacinia nec et quam. Integer diam lacus, dapibus sed eros non, aliquet facilisis lectus. Duis sodales lobortis faucibus. Pellentesque et hendrerit felis, vitae mattis urna. Mauris blandit blandit turpis eget venenatis. In non tempor erat, ac tristique dui. Vestibulum non ex vitae urna euismod viverra vel semper sem.</p><p><br></p><p><strong style="font-size: 14px;">Cras gravida a risus a auctor</strong>. Proin convallis porta augue in vulputate. In nec metus lacinia, aliquam libero eu, hendrerit mi. Duis eu nunc quis tellus efficitur ultricies. Ut mollis quam eget justo vulputate finibus. Nulla molestie blandit orci, sit amet rhoncus magna laoreet eget. Sed suscipit auctor est, ac aliquet quam. Ut risus mi, tincidunt nec imperdiet a, rhoncus et tellus. Mauris mi erat, suscipit semper faucibus in, euismod eu eros. In rhoncus malesuada viverra. Mauris eget pharetra est. Ut interdum massa massa, ut pulvinar turpis commodo sed. Curabitur porttitor ligula vel sem commodo, eget blandit quam cursus. Vivamus a suscipit felis. Quisque rhoncus ac risus at ullamcorper.</p><p><br></p><p><strong style="font-size: 14px;">Etiam semper facilisis magna id pharetra</strong>. In nec maximus justo, quis porta purus. Mauris dapibus est sapien, ut facilisis velit suscipit nec. Praesent congue nec nunc nec congue. Aenean turpis dolor, tincidunt vitae accumsan ut, pretium eget massa.</p>','True','','False','San Francisco','<p style="text-align: justify;"><strong style="font-size: 14px;">Lorem ipsum dolor sit amet, consectetur adipiscing elit</strong>. </p><p style="text-align: justify;">Nam vitae sodales dui, a tempus mi. Donec suscipit gravida placerat. Integer placerat erat non nibh gravida aliquet. Ut arcu mi, elementum in purus in, ullamcorper vulputate augue. Pellentesque egestas vestibulum maximus. Praesent ultricies ultricies semper. Sed vitae maximus nisi. Duis tincidunt tempus erat id tristique. Aliquam erat volutpat. Pellentesque imperdiet, arcu laoreet commodo ornare, mi ex consectetur est, in blandit nulla erat nec dui. </p><p style="text-align: justify;"><br></p><p style="text-align: center;"><em style="font-size: 10px;">Duis commodo eget velit sed hendrerit. In hendrerit luctus laoreet. Vestibulum ante ipsum primis in faucibus orci luctus. </em></p><p style="text-align: center;"><em style="font-size: 10px;">Et ultrices posuere cubilia curae; Aliquam bibendum ipsum ante, at tempor ante dapibus a. Proin commodo aliquam sapien eu rhoncus.</em></p><p><br></p>','415 Mission St','94105','CA','False','','America/Chicago','Weekend Ride Support','/file-asset-public/FlowToolKit_VolunteerHorseTherapy2','','4');
INSERT INTO "GW_Volunteers__Volunteer_Job__c" VALUES(4,'True','United States','Salesforce Food Bank','','','','','Food Sorting','Groups;Individuals;Youth/Children','<p>Looking for a way to give back to your community during the week? Consider volunteering with our Weekday Food Sorting team at the local food bank! As a volunteer, you will help sort and package up donated food that will be distributed to families and individuals in need.</p><p><br></p><p><strong style="font-size: 16px;">Volunteers will have the opportunity to:</strong></p><ul><li>Sort and organize donated food items</li><li>Package food into boxes for distribution</li><li>Clean and maintain a safe and sanitary work environment</li><li>Work with a team of volunteers and staff to ensure efficient and effective food distribution</li></ul><p><strong style="font-size: 16px;">Qualifications and Skills:</strong></p><ul><li>Must be able to work in a fast-paced environment</li><li>Must be able to stand for extended periods of time</li><li>Must be able to lift up to 25 lbs</li><li>Must have attention to detail and the ability to follow instructions</li><li>Must be able to work as part of a team</li></ul><p style="text-align: justify;">If you have a heart for helping others and want to make a difference in your community, then this is the perfect volunteer opportunity for you!</p>','False','','False','Burlington','<p style="text-align: justify;"><strong style="font-size: 16px;">Quisque diam risus, fermentum facilisis eros eget, auctor lacinia dui</strong>. </p><p style="text-align: justify;">Mauris nec rhoncus dui. Interdum et malesuada fames ac ante ipsum primis in faucibus. Interdum et malesuada fames ac ante ipsum primis in faucibus. Donec eleifend varius lorem ut consectetur. Etiam non porta augue. Mauris condimentum sagittis ligula bibendum laoreet. </p><p style="text-align: justify;"><br></p><p style="text-align: justify;"><strong style="font-size: 16px;">Cras dapibus elit at lacus euismod viverra ac porttitor felis</strong>. </p><p style="text-align: justify;">Class aptent taciti sociosqu ad litora torquent per conubia nostra, per inceptos himenaeos. Etiam semper dui quis tellus hendrerit mollis. Orci varius natoque penatibus et magnis dis parturient montes, nascetur ridiculus mus. Praesent tellus nulla, rhoncus ac vulputate a, varius ac sem. Quisque suscipit eleifend viverra. Proin sed lorem eget sapien volutpat accumsan quis quis metus. Etiam leo arcu, molestie quis hendrerit vitae, ultricies non sem.</p><p><br></p>','5 Wall St','01803','MA','True','Manual Labor','America/Chicago','Weekday Food Sorting @ Food Bank','/file-asset-public/FlowToolKit_VolunteerSortClothes','','6');
INSERT INTO "GW_Volunteers__Volunteer_Job__c" VALUES(5,'False','','','','','','','Cleanup','','<p>We are seeking enthusiastic volunteers to join us in our efforts to keep our neighborhood clean and beautiful! As a Neighborhood Cleanup Volunteer, you will have the opportunity to help with a variety of tasks such as picking up trash, removing graffiti, and cleaning up brush piles. By participating in this volunteer opportunity, you will make a positive impact on the environment and help make our community a better place to live.</p><p><br></p><p><strong style="font-size: 16px;">Type of Tasks:</strong></p><ul><li>Picking up litter and debris from public areas, including sidewalks, streets, and parks</li><li>Removing graffiti from buildings and other surfaces</li><li>Clearing brush piles and debris from public areas</li><li>Sorting and properly disposing of recyclable materials</li></ul><p><strong style="font-size: 16px;">Skills Needed:</strong></p><ul><li>Ability to work independently or as part of a team</li><li>Willingness to work outdoors in various weather conditions</li><li>Physically able to bend, lift, and carry items such as trash bags and debris</li><li>Strong attention to detail and ability to identify areas in need of cleaning</li><li>Ability to follow safety guidelines and properly use cleaning equipment and tools</li></ul><p><strong style="font-size: 16px;">What to Expect:</strong></p><ul><li>Check-in begins 30 minutes before the start time</li><li>Please arrive on time, dressed appropriately for outdoor work, and ready to work</li><li>You will be provided with all necessary equipment and supplies, including gloves, trash bags, and cleaning tools</li><li>You will be assigned to a team and given specific tasks and responsibilities</li><li>The cleanup event typically lasts 2-3 hours, depending on the amount of cleaning needed</li></ul><p style="text-align: justify;">Join us in making a positive impact on our community and environment by volunteering as a Neighborhood Cleanup Volunteer!</p>','False','','False','','','','','','False','','','Neighborhood Cleanup','/file-asset-public/FlowToolKit_VolunteersCleanup','','5');
INSERT INTO "GW_Volunteers__Volunteer_Job__c" VALUES(6,'False','United States','Salesforce Senior Center','','','','','Hospitality','Individuals','<p><strong style="font-size: 22px;">Community Kitchen Crew</strong></p><p><br></p><p><span style="font-size: 14px;">Do you have a passion for cooking and serving others? If so, then join our Community Kitchen Crew and make a difference in your community! Our organization is looking for enthusiastic volunteers to help us prepare and serve meals to families in need.</span></p><p><br></p><p><span style="font-size: 14px;">As a Community Kitchen Crew Volunteer, you will have the opportunity to:</span></p><p><br></p><ul><li><span style="font-size: 14px;">Cook and prepare meals for families in need</span></li><li><span style="font-size: 14px;">Serve food to families in a friendly and welcoming manner</span></li><li><span style="font-size: 14px;">Clean up and sanitize the kitchen and dining area after each meal</span></li><li><span style="font-size: 14px;">Work with a team of other volunteers to ensure a successful meal service</span></li></ul><p><strong style="font-size: 16px;">Check-in and What to Expect</strong><span style="font-size: 14px;">:</span></p><p><br></p><ul><li><span style="font-size: 14px;">Check-in begins 30 minutes before the start time.</span></li><li><span style="font-size: 14px;">Please arrive on time, dressed appropriately, and ready to work.</span></li><li><span style="font-size: 14px;">You will be provided with all necessary equipment and supplies, including aprons and gloves.</span></li><li><span style="font-size: 14px;">You will be assigned to a team and given specific tasks and responsibilities.</span></li><li><span style="font-size: 14px;">The meal service lasts approximately 2 hours, after which you will help with clean up and sanitization.</span></li></ul><p><strong style="font-size: 16px;">Qualifications and Skills</strong><span style="font-size: 14px;">:</span></p><p><br></p><ul><li><span style="font-size: 14px;">Must be at least 12 years old.</span></li><li><span style="font-size: 14px;">Must be able to follow health and safety guidelines, including wearing gloves and aprons while handling food.</span></li><li><span style="font-size: 14px;">Must be able to work in a fast-paced, team-oriented environment.</span></li><li><span style="font-size: 14px;">Must have a positive attitude, be friendly, and have the desire to help others.</span></li></ul><p><span style="font-size: 14px;">This is a rewarding opportunity to give back to your community and make a difference in the lives of families in need. Join us and become a part of our Community Kitchen Crew today!</span></p>','True','','False','Chicago','','111 W Illinois St','60654','IL','False','','America/Chicago','Community Kitchen Crew','/file-asset-public/FlowToolKit_VolunteerHospitality','','6');
INSERT INTO "GW_Volunteers__Volunteer_Job__c" VALUES(7,'False','Canada','Salesforce Tower Pet Project','','','','','Provide Transportation','Individuals','<p>Our organization has recently found a new home for one of our rescue dogs, Ruby. We are looking for a reliable and responsible volunteer to transport Ruby to her new forever home. As a volunteer, you will be responsible for ensuring Ruby&#39;s safety and comfort during the trip, and delivering her to her new family.</p><p><br></p><p><strong style="font-size: 16px;">Tasks</strong>:</p><ul><li>Pick up Ruby from our facility and ensure that she is safely secured in the vehicle</li><li>Transport Ruby to her new home according to a pre-arranged schedule</li><li>Ensure that Ruby has access to food, water, and necessary breaks during the trip</li><li>Deliver Ruby to her new family and provide any necessary information about her care</li></ul><p><strong style="font-size: 16px;">Skills Needed:</strong></p><ul><li>Must have a valid driver&#39;s license and a reliable vehicle</li><li>Must be comfortable handling dogs and have experience transporting them</li><li>Must be reliable, responsible, and able to follow through with commitments</li><li>Must have good communication skills and be comfortable interacting with new people</li></ul><p>This is a great opportunity for animal lovers who want to help rescue animals find their forever homes. By volunteering to transport Ruby, you will be making a significant contribution to our organization&#39;s mission of saving and rehoming dogs in need.</p>','True','','False','San Francisco','<p style="text-align: justify;"><strong style="font-size: 14px;">Lorem ipsum dolor sit amet, consectetur adipiscing elit</strong>. </p><p style="text-align: justify;">Nam vitae sodales dui, a tempus mi. Donec suscipit gravida placerat. Integer placerat erat non nibh gravida aliquet. Ut arcu mi, elementum in purus in, ullamcorper vulputate augue. Pellentesque egestas vestibulum maximus. Praesent ultricies ultricies semper. Sed vitae maximus nisi. Duis tincidunt tempus erat id tristique. Aliquam erat volutpat. Pellentesque imperdiet, arcu laoreet commodo ornare, mi ex consectetur est, in blandit nulla erat nec dui. </p><p style="text-align: justify;"><br></p><p style="text-align: center;"><em style="font-size: 10px;">Duis commodo eget velit sed hendrerit. In hendrerit luctus laoreet. Vestibulum ante ipsum primis in faucibus orci luctus. </em></p><p style="text-align: center;"><em style="font-size: 10px;">Et ultrices posuere cubilia curae; Aliquam bibendum ipsum ante, at tempor ante dapibus a. Proin commodo aliquam sapien eu rhoncus.</em></p><p><br></p>','415 Mission St','94105','CA','False','','America/Chicago','Drive Ruby to her new Home!','/file-asset-public/VolunteerDog2','','2');
INSERT INTO "GW_Volunteers__Volunteer_Job__c" VALUES(8,'False','United States','City of Chicago','','','','','Foster/Adopt','Groups','<p>We are seeking volunteers to adopt and commit to maintaining Eastwood Hills park by committing to weekly cleanups and maintenance tasks. As a volunteer, you will play an important role in keeping the park clean, safe and enjoyable for all visitors. This is a great opportunity for individuals, families, and groups to make a direct impact on their community and the environment.</p><p><br></p><p><strong style="font-size: 16px;">Tasks:</strong></p><ul><li>Commit to weekly cleanup and maintenance tasks</li><li>Clean up trash and debris in the park</li><li>Maintain flower beds and green spaces</li><li>Report any maintenance issues to the park management</li><li>Follow any park rules and regulations</li><li>Attend periodic meetings with other park adopters</li></ul><p><strong style="font-size: 16px;">Skills needed:</strong></p><ul><li>Attention to detail and a sense of responsibility</li><li>Ability to work independently and as part of a team</li><li>Comfortable working outdoors and able to handle various maintenance tools</li><li>Good communication skills and the ability to report any issues to park management</li><li>A passion for community service and making a difference</li></ul><p><strong style="font-size: 16px;">We provide:</strong></p><ul><li>Comprehensive training on maintenance and cleanup procedures</li><li>Supplies and equipment needed for park maintenance</li><li>Ongoing support and communication from park management</li><li>Opportunities to learn about the environment and community engagement</li><li>Opportunities to meet new people and work in a team environment</li></ul><p style="text-align: justify;">This is a great opportunity to make a direct impact on your community and the environment. If you are passionate about community service and want to make a difference, we encourage you to apply for this opportunity. Please email us at [contact email] if you are interested in adopting Eastwood Hills park and becoming a volunteer for Adopt a Park &quot;Eastwood Hills&quot;.</p>','False','','False','Chicago','<p style="text-align: justify;"><strong style="font-size: 16px;">Quisque diam risus, fermentum facilisis eros eget, auctor lacinia dui</strong>. </p><p style="text-align: justify;">Mauris nec rhoncus dui. Interdum et malesuada fames ac ante ipsum primis in faucibus. Interdum et malesuada fames ac ante ipsum primis in faucibus. Donec eleifend varius lorem ut consectetur. Etiam non porta augue. Mauris condimentum sagittis ligula bibendum laoreet. </p><p style="text-align: justify;"><br></p><p style="text-align: justify;"><strong style="font-size: 16px;">Cras dapibus elit at lacus euismod viverra ac porttitor felis</strong>. </p><p style="text-align: justify;">Class aptent taciti sociosqu ad litora torquent per conubia nostra, per inceptos himenaeos. Etiam semper dui quis tellus hendrerit mollis. Orci varius natoque penatibus et magnis dis parturient montes, nascetur ridiculus mus. Praesent tellus nulla, rhoncus ac vulputate a, varius ac sem. Quisque suscipit eleifend viverra. Proin sed lorem eget sapien volutpat accumsan quis quis metus. Etiam leo arcu, molestie quis hendrerit vitae, ultricies non sem.</p><p><br></p>','','','IL','True','Manual Labor','America/Chicago','Adopt a Park "Eastwood Hills"','/file-asset-public/FlowToolKit_VolunteerTrashPickup','','5');
INSERT INTO "GW_Volunteers__Volunteer_Job__c" VALUES(9,'False','Canada','Salesforce Tower','','','','','Organizational Support','Individuals','<p>We are seeking enthusiastic volunteers to join our Event Parking Support Team for our annual fundraiser gala. As a volunteer, you will be an integral part of ensuring the smooth flow of the event by helping to guide and park cars.</p><p><br></p><p><strong style="font-size: 16px;">Tasks:</strong> </p><p>The primary tasks of volunteers will include directing traffic, guiding guests to designated parking areas, and assisting with parking cars. Volunteers will work in teams and follow instructions from the Event Parking Coordinator.</p><p><br></p><p><strong style="font-size: 16px;">Skills needed: </strong></p><p>Volunteers should have strong communication and organizational skills, and the ability to work well in a team. You should be comfortable standing for extended periods of time and working in various weather conditions. Experience in directing traffic is helpful, but not required.</p><p><br></p><p>We appreciate your interest in volunteering with us and making a difference in our community. By joining our team, you will not only have the opportunity to support a great cause but also have a fun and rewarding experience.</p>','True','','False','San Francisco','<p style="text-align: justify;"><strong style="font-size: 14px;">Lorem ipsum dolor sit amet, consectetur adipiscing elit</strong>. </p><p style="text-align: justify;">Nam vitae sodales dui, a tempus mi. Donec suscipit gravida placerat. Integer placerat erat non nibh gravida aliquet. Ut arcu mi, elementum in purus in, ullamcorper vulputate augue. Pellentesque egestas vestibulum maximus. Praesent ultricies ultricies semper. Sed vitae maximus nisi. Duis tincidunt tempus erat id tristique. Aliquam erat volutpat. Pellentesque imperdiet, arcu laoreet commodo ornare, mi ex consectetur est, in blandit nulla erat nec dui. </p><p style="text-align: justify;"><br></p><p style="text-align: center;"><em style="font-size: 10px;">Duis commodo eget velit sed hendrerit. In hendrerit luctus laoreet. Vestibulum ante ipsum primis in faucibus orci luctus. </em></p><p style="text-align: center;"><em style="font-size: 10px;">Et ultrices posuere cubilia curae; Aliquam bibendum ipsum ante, at tempor ante dapibus a. Proin commodo aliquam sapien eu rhoncus.</em></p><p><br></p>','415 Mission St','94105','CA','False','Manual Labor','America/Chicago','Event Parking Support Team','/file-asset-public/FlowToolKit_VolunteerParkingSupport','','1');
INSERT INTO "GW_Volunteers__Volunteer_Job__c" VALUES(10,'False','United States','City of Chicago','','','','','Foster/Adopt','Groups','<p><strong style="font-size: 22px;">Adopt a City Park</strong></p><p><span style="font-size: 14px;">is a volunteer opportunity for individuals who are passionate about preserving the beauty and cleanliness of our city&#39;s parks. As a volunteer, you will have the opportunity to help maintain the park by picking up trash, maintaining trails and grounds, and performing other necessary tasks to keep the park in pristine condition.</span></p><p><br></p><p><strong style="font-size: 16px;">Potential Tasks and Roles:</strong></p><ol><li><span style="font-size: 14px;">Picking up trash: Volunteers will be responsible for walking through the park and picking up any litter or debris left behind by visitors.</span></li><li><span style="font-size: 14px;">Maintaining trails and grounds: Volunteers will be responsible for keeping the trails and grounds clear of debris, fallen branches, and other hazards that may pose a risk to visitors.</span></li><li><span style="font-size: 14px;">Gardening and landscaping: Volunteers will have the opportunity to help beautify the park by planting flowers, trees, and other plants, as well as maintaining existing gardens and landscapes.</span></li><li><span style="font-size: 14px;">Other tasks: Depending on the needs of the park, volunteers may also be responsible for performing other tasks such as painting, repairing equipment, or assisting with special events.</span></li></ol><p><strong style="font-size: 16px;">Check-in and What to Expect:</strong></p><p><span style="font-size: 14px;">Upon arrival, volunteers will be greeted by the park ranger or volunteer coordinator, who will provide a brief orientation and overview of the day&#39;s tasks. Volunteers will be given gloves, bags, and any necessary tools or equipment for the day&#39;s activities. The park ranger or volunteer coordinator will be available throughout the day to answer any questions or provide assistance as needed. Volunteers can expect to work in small groups, with plenty of opportunities to take breaks and enjoy the park&#39;s natural beauty. At the end of the day, volunteers will be thanked for their hard work and dedication to preserving our city&#39;s parks.</span></p><p style="text-align: justify;"><br></p><p style="text-align: justify;"><span style="font-size: 14px;">Join us in making a positive impact on our community and preserving the beauty of our city&#39;s parks. Sign up today for &quot;Adopt a City Park&quot; and make a difference in your community!</span></p>','True','','False','Chicago','<p style="text-align: justify;"><strong style="font-size: 16px;">Quisque diam risus, fermentum facilisis eros eget, auctor lacinia dui</strong>. </p><p style="text-align: justify;">Mauris nec rhoncus dui. Interdum et malesuada fames ac ante ipsum primis in faucibus. Interdum et malesuada fames ac ante ipsum primis in faucibus. Donec eleifend varius lorem ut consectetur. Etiam non porta augue. Mauris condimentum sagittis ligula bibendum laoreet. </p><p style="text-align: justify;"><br></p><p style="text-align: justify;"><strong style="font-size: 16px;">Cras dapibus elit at lacus euismod viverra ac porttitor felis</strong>. </p><p style="text-align: justify;">Class aptent taciti sociosqu ad litora torquent per conubia nostra, per inceptos himenaeos. Etiam semper dui quis tellus hendrerit mollis. Orci varius natoque penatibus et magnis dis parturient montes, nascetur ridiculus mus. Praesent tellus nulla, rhoncus ac vulputate a, varius ac sem. Quisque suscipit eleifend viverra. Proin sed lorem eget sapien volutpat accumsan quis quis metus. Etiam leo arcu, molestie quis hendrerit vitae, ultricies non sem.</p><p><br></p>','','','IL','True','Manual Labor','America/Chicago','Adopt a City Park','/file-asset-public/FlowToolKit_VolunteerTrashPickup','','5');
INSERT INTO "GW_Volunteers__Volunteer_Job__c" VALUES(11,'False','Canada','Salesforce Tower Pet Project','','','','','Organizational Support','Individuals','<p>If you are passionate about animals and have a love for helping pets find their forever homes, then join us as a Clean Kennels volunteer! Volunteers will work at our pet adoption center to help keep kennels clean and provide a comfortable living space for our furry friends.</p><p><br></p><p><strong style="font-size: 16px;">Tasks and Responsibilities:</strong></p><ul><li>Clean and sanitize kennels and surrounding areas to ensure a healthy living environment for the animals</li><li>Wash bedding, bowls, and toys to keep them clean and germ-free</li><li>Assist with daily feeding and watering of animals</li><li>Help with walking dogs and providing them with much-needed exercise</li><li>Provide socialization and companionship to animals awaiting their forever homes</li><li>Assist with other shelter duties as needed</li></ul><p><strong style="font-size: 16px;">Skills and Qualifications:</strong></p><ul><li>Must be 18 years of age or older</li><li>Passionate about animals and their welfare</li><li>Ability to work in a fast-paced environment</li><li>Ability to follow instructions and maintain cleanliness and orderliness</li><li>Ability to stand, walk, and bend for extended periods</li><li>Previous experience working with animals is preferred but not required</li></ul><p><strong style="font-size: 16px;">Expectations:</strong></p><ul><li>Volunteers are expected to be punctual, dependable, and responsible.</li><li>Volunteers are expected to dress appropriately for the task and weather conditions.</li><li>Volunteers are expected to work collaboratively with shelter staff and other volunteers.</li><li>Volunteers are expected to treat all animals with kindness and respect.</li><li>Volunteers are expected to follow all shelter policies and procedures regarding the care of animals and their safety.</li></ul><p>This is an excellent opportunity for animal lovers who want to make a difference in their community. Join our team of dedicated volunteers and help us provide the best care possible for the animals in our shelter.</p>','True','','False','San Francisco','<p style="text-align: justify;"><strong style="font-size: 14px;">Lorem ipsum dolor sit amet, consectetur adipiscing elit</strong>. </p><p style="text-align: justify;">Nam vitae sodales dui, a tempus mi. Donec suscipit gravida placerat. Integer placerat erat non nibh gravida aliquet. Ut arcu mi, elementum in purus in, ullamcorper vulputate augue. Pellentesque egestas vestibulum maximus. Praesent ultricies ultricies semper. Sed vitae maximus nisi. Duis tincidunt tempus erat id tristique. Aliquam erat volutpat. Pellentesque imperdiet, arcu laoreet commodo ornare, mi ex consectetur est, in blandit nulla erat nec dui. </p><p style="text-align: justify;"><br></p><p style="text-align: center;"><em style="font-size: 10px;">Duis commodo eget velit sed hendrerit. In hendrerit luctus laoreet. Vestibulum ante ipsum primis in faucibus orci luctus. </em></p><p style="text-align: center;"><em style="font-size: 10px;">Et ultrices posuere cubilia curae; Aliquam bibendum ipsum ante, at tempor ante dapibus a. Proin commodo aliquam sapien eu rhoncus.</em></p><p><br></p>','415 Mission St','94105','CA','False','Manual Labor','America/Chicago','Clean Kennels at Shelter','/file-asset-public/FlowToolKit_VolunteerKennelCleaning','','2');
INSERT INTO "GW_Volunteers__Volunteer_Job__c" VALUES(12,'False','Canada','Salesforce Tower','','','','','Organizational Support','Individuals','<p>We are looking for enthusiastic volunteers to support our Fall Fundraising Gala. As an Event Silent Auction Support Volunteer, you will help us organize and execute a successful silent auction. You will work alongside other volunteers and staff members to ensure that the auction runs smoothly.</p><p><br></p><p><strong style="font-size: 16px;">Tasks:</strong></p><ul><li>Assist with setting up the silent auction area prior to the event</li><li>Help organize items for auction and ensure that they are properly displayed</li><li>Answer any questions guests may have about the items</li><li>Monitor the auction and take bids from guests</li><li>Notify winners of their items and distribute them after the auction has ended</li><li>Assist with cleaning up the auction area after the event</li></ul><p><strong style="font-size: 16px;">Skills needed:</strong></p><ul><li>Strong organizational skills and attention to detail</li><li>Excellent communication and customer service skills</li><li>Comfortable with basic math and money handling</li><li>Ability to work well in a team environment and follow instructions</li><li>Must be reliable and punctual</li></ul><p>Join us for an exciting evening and help us make a difference in our community!</p>','True','','False','San Francisco','<p style="text-align: justify;"><strong style="font-size: 14px;">Lorem ipsum dolor sit amet, consectetur adipiscing elit</strong>. </p><p style="text-align: justify;">Nam vitae sodales dui, a tempus mi. Donec suscipit gravida placerat. Integer placerat erat non nibh gravida aliquet. Ut arcu mi, elementum in purus in, ullamcorper vulputate augue. Pellentesque egestas vestibulum maximus. Praesent ultricies ultricies semper. Sed vitae maximus nisi. Duis tincidunt tempus erat id tristique. Aliquam erat volutpat. Pellentesque imperdiet, arcu laoreet commodo ornare, mi ex consectetur est, in blandit nulla erat nec dui. </p><p style="text-align: justify;"><br></p><p style="text-align: center;"><em style="font-size: 10px;">Duis commodo eget velit sed hendrerit. In hendrerit luctus laoreet. Vestibulum ante ipsum primis in faucibus orci luctus. </em></p><p style="text-align: center;"><em style="font-size: 10px;">Et ultrices posuere cubilia curae; Aliquam bibendum ipsum ante, at tempor ante dapibus a. Proin commodo aliquam sapien eu rhoncus.</em></p><p><br></p>','415 Mission St','94105','CA','False','Manual Labor','America/Chicago','Event Silent Auction Support','/file-asset-public/FlowToolKit_VolunteerSilentAuction','','1');
INSERT INTO "GW_Volunteers__Volunteer_Job__c" VALUES(13,'False','Canada','Salesforce Tower','','','','','Cleanup','Individuals','<p>Volunteers will play an essential role in ensuring the success of our Fall Fundraising Gala. As an Event Cleanup Volunteer, you will be responsible for helping with the post-event cleanup. This includes taking out the trash, taking down tables and decorations, sweeping the floor, and ensuring that the venue is left clean and tidy after the event. Your participation will be crucial in helping us wrap up the event and prepare the venue for future events.</p><p><br></p><p><strong style="font-size: 16px;">Tasks:</strong></p><ul><li>Assist with the post-event cleanup of the venue</li><li>Remove all trash and debris from the event space</li><li>Take down tables, chairs, and decorations</li><li>Sweep and clean the floors</li><li>Assist with any other cleanup tasks as needed</li></ul><p><strong style="font-size: 16px;">Skills Needed:</strong></p><ul><li>Ability to work independently and as part of a team</li><li>Physical stamina and the ability to stand, bend, and lift for extended periods</li><li>Attention to detail and the ability to follow instructions</li><li>Positive attitude and willingness to help out in any way possible</li><li>Prior experience with event cleanup is a plus, but not required</li></ul><p><strong style="font-size: 16px;">Time Commitment:</strong></p><p>The Fall Fundraising Gala will take place on Saturday, October 15th, 2023, from 6:00 pm to 10:00 pm. We ask that Event Cleanup Volunteers arrive at the venue promptly at 10:00 pm and be available to help for a minimum of 2 hours.</p><p>Benefits:</p><ul><li>Opportunity to be part of a fun and exciting fundraising event</li><li>Opportunity to meet and network with like-minded individuals</li><li>Opportunity to give back to the community and support a worthy cause</li><li>Letter of recommendation upon request</li></ul><p>We appreciate your interest in volunteering with us and look forward to working with you to make our Fall Fundraising Gala a success!</p>','True','','False','San Francisco','<p style="text-align: justify;"><strong style="font-size: 14px;">Lorem ipsum dolor sit amet, consectetur adipiscing elit</strong>. </p><p style="text-align: justify;">Nam vitae sodales dui, a tempus mi. Donec suscipit gravida placerat. Integer placerat erat non nibh gravida aliquet. Ut arcu mi, elementum in purus in, ullamcorper vulputate augue. Pellentesque egestas vestibulum maximus. Praesent ultricies ultricies semper. Sed vitae maximus nisi. Duis tincidunt tempus erat id tristique. Aliquam erat volutpat. Pellentesque imperdiet, arcu laoreet commodo ornare, mi ex consectetur est, in blandit nulla erat nec dui. </p><p style="text-align: justify;"><br></p><p style="text-align: center;"><em style="font-size: 10px;">Duis commodo eget velit sed hendrerit. In hendrerit luctus laoreet. Vestibulum ante ipsum primis in faucibus orci luctus. </em></p><p style="text-align: center;"><em style="font-size: 10px;">Et ultrices posuere cubilia curae; Aliquam bibendum ipsum ante, at tempor ante dapibus a. Proin commodo aliquam sapien eu rhoncus.</em></p><p><br></p>','415 Mission St','94105','CA','False','Manual Labor','America/Chicago','Event Cleanup','/file-asset-public/FlowToolKit_VolunteerEventCleanup','','1');
INSERT INTO "GW_Volunteers__Volunteer_Job__c" VALUES(14,'False','Australia','Sunshine Beach','','','','','Cleanup','Groups;Individuals','<p>Join our volunteer team for a monthly beach cleanup at Sunshine Beach. As a volunteer, you&#39;ll be helping to keep our beautiful beach clean and safe for both people and wildlife. This is a great opportunity to make a positive impact on the community while enjoying the great outdoors.</p><p><br></p><p><strong style="font-size: 16px;">Tasks</strong>:</p><ul><li>Collect trash and debris along the beach</li><li>Sort and dispose of collected materials properly</li><li>Help with maintaining the beach&#39;s natural habitats</li></ul><p><strong style="font-size: 16px;">Skills</strong>:</p><ul><li>Ability to work in a team and follow instructions</li><li>Comfortable working outdoors in various weather conditions</li><li>Physical ability to lift and carry objects</li><li>Attention to detail in sorting and disposing of materials</li></ul><p><strong style="font-size: 16px; color: rgb(0, 0, 0);">Benefits</strong>:</p><ul><li>Opportunity to make a positive impact on the community</li><li>Meet new people and work with a great team of volunteers</li><li>Enjoy the outdoors and get some exercise</li><li>Gain experience in environmental conservation and stewardship</li></ul><p>Join us for our next monthly cleanup at Sunshine Beach and help us keep our beautiful beach clean and safe for all!</p>','True','','False','Sunshine Beach','<p style="text-align: justify;"><strong style="font-size: 14px;">Lorem ipsum dolor sit amet, consectetur adipiscing elit</strong>. </p><p style="text-align: justify;">Nam vitae sodales dui, a tempus mi. Donec suscipit gravida placerat. Integer placerat erat non nibh gravida aliquet. Ut arcu mi, elementum in purus in, ullamcorper vulputate augue. Pellentesque egestas vestibulum maximus. Praesent ultricies ultricies semper. Sed vitae maximus nisi. Duis tincidunt tempus erat id tristique. Aliquam erat volutpat. Pellentesque imperdiet, arcu laoreet commodo ornare, mi ex consectetur est, in blandit nulla erat nec dui. </p><p style="text-align: justify;"><br></p><p style="text-align: center;"><em style="font-size: 10px;">Duis commodo eget velit sed hendrerit. In hendrerit luctus laoreet. Vestibulum ante ipsum primis in faucibus orci luctus. </em></p><p style="text-align: center;"><em style="font-size: 10px;">Et ultrices posuere cubilia curae; Aliquam bibendum ipsum ante, at tempor ante dapibus a. Proin commodo aliquam sapien eu rhoncus.</em></p><p><br></p>','','4567','Queensland','False','Manual Labor','Pacific/Auckland','Monthly Cleanup @ Sunshine Beach','/file-asset-public/FlowToolKit_VolunteerBeachCleanup','','5');
INSERT INTO "GW_Volunteers__Volunteer_Job__c" VALUES(15,'False','United States','Salesforce Food Bank','','','','','Provide Transportation','Individuals','<p>Overview: Our organization is seeking compassionate and reliable volunteers to help us with our Senior Home Delivery program. Volunteers will be responsible for picking up meal kits from our food bank and delivering them directly to seniors in need.</p><p><br></p><p><strong style="font-size: 16px;">Tasks:</strong></p><ul><li>Pick up meal kits from our food bank</li><li>Deliver meal kits to seniors in the community</li><li>Check in with seniors to ensure their needs are being met and provide a friendly visit</li><li>Report any concerns or issues to the program coordinator</li></ul><p><strong style="font-size: 16px;">Skills:</strong></p><ul><li>Must have a valid driver&#39;s license and access to a reliable vehicle</li><li>Must be comfortable interacting with seniors and providing friendly visits</li><li>Must be reliable, responsible, and able to commit to a regular delivery schedule</li><li>Must be able to follow program guidelines and instructions</li></ul><p><strong style="font-size: 16px;">What to expect:</strong></p><ul><li>Volunteers will receive training and support from our program coordinator</li><li>Volunteers will need to provide their own transportation for deliveries</li><li>Volunteers will need to follow safety protocols when interacting with seniors, including wearing masks and practicing social distancing</li><li>Volunteers will need to be available for a regular delivery schedule, typically one day per week</li></ul><p style="text-align: justify;">This is a rewarding opportunity to make a difference in the lives of seniors in your community. Join us as a Senior Home Delivery Volunteer and help ensure that our most vulnerable community members receive the food and support they need.</p>','True','','False','Chicago','','111 W Illinois St','60654','IL','False','','America/Chicago','Senior Home Delivery','/file-asset-public/FlowToolKit_VolunteerSeniorHomeDelivery','','6');
INSERT INTO "GW_Volunteers__Volunteer_Job__c" VALUES(16,'False','','White Mountain National Forest','','','','','Trail Building','Individuals','<p><strong style="font-size: 14px;">Phasellus viverra in elit non ornare:</strong> Etiam semper facilisis magna id pharetra. In nec maximus justo, quis porta purus. Mauris dapibus est sapien, ut facilisis velit suscipit nec. Praesent congue nec nunc nec congue. Aenean turpis dolor, tincidunt vitae accumsan ut, pretium eget massa.</p><p><br></p><p><strong style="font-size: 14px;">Phasellus venenatis felis mauris, id volutpat lorem fermentum a</strong>. Vestibulum elementum ultricies metus, sed sodales quam dapibus ut. Aliquam auctor, est a ornare ornare, dui ex aliquam risus, eget fringilla dolor nunc eget justo. Nunc interdum, velit nec faucibus ultrices, ipsum odio ullamcorper dui, ac vehicula quam velit ut augue. Donec mi urna, porta at malesuada sed, imperdiet quis libero. Proin vitae ullamcorper leo. Nulla iaculis, risus non molestie scelerisque, quam orci maximus nibh, sed pharetra leo velit sed eros. Praesent sed ornare nisl. Praesent hendrerit condimentum mollis. Integer tincidunt viverra quam in aliquam. Aenean vestibulum sem sit amet porta rutrum. Aliquam turpis est, ullamcorper quis libero sed, sagittis egestas risus. Donec sit amet elementum lorem, non consectetur quam. Duis a tortor nec lectus vestibulum cursus. Suspendisse lobortis quis nibh a vehicula.</p><p><br></p><p><strong style="font-size: 14px;">Ut in risus urna</strong>. Sed varius metus in libero condimentum lacinia nec et quam. Integer diam lacus, dapibus sed eros non, aliquet facilisis lectus. Duis sodales lobortis faucibus. Pellentesque et hendrerit felis, vitae mattis urna. Mauris blandit blandit turpis eget venenatis. In non tempor erat, ac tristique dui. Vestibulum non ex vitae urna euismod viverra vel semper sem.</p><p><br></p><p><strong style="font-size: 14px;">Cras gravida a risus a auctor</strong>. Proin convallis porta augue in vulputate. In nec metus lacinia, aliquam libero eu, hendrerit mi. Duis eu nunc quis tellus efficitur ultricies. Ut mollis quam eget justo vulputate finibus. Nulla molestie blandit orci, sit amet rhoncus magna laoreet eget. Sed suscipit auctor est, ac aliquet quam. Ut risus mi, tincidunt nec imperdiet a, rhoncus et tellus. Mauris mi erat, suscipit semper faucibus in, euismod eu eros. In rhoncus malesuada viverra. Mauris eget pharetra est. Ut interdum massa massa, ut pulvinar turpis commodo sed. Curabitur porttitor ligula vel sem commodo, eget blandit quam cursus. Vivamus a suscipit felis. Quisque rhoncus ac risus at ullamcorper.</p><p><br></p><p><strong style="font-size: 14px;">Etiam semper facilisis magna id pharetra</strong>. In nec maximus justo, quis porta purus. Mauris dapibus est sapien, ut facilisis velit suscipit nec. Praesent congue nec nunc nec congue. Aenean turpis dolor, tincidunt vitae accumsan ut, pretium eget massa.</p>','True','','False','White Mountains','<p style="text-align: justify;"><strong style="font-size: 14px;">Lorem ipsum dolor sit amet, consectetur adipiscing elit</strong>. </p><p style="text-align: justify;">Nam vitae sodales dui, a tempus mi. Donec suscipit gravida placerat. Integer placerat erat non nibh gravida aliquet. Ut arcu mi, elementum in purus in, ullamcorper vulputate augue. Pellentesque egestas vestibulum maximus. Praesent ultricies ultricies semper. Sed vitae maximus nisi. Duis tincidunt tempus erat id tristique. Aliquam erat volutpat. Pellentesque imperdiet, arcu laoreet commodo ornare, mi ex consectetur est, in blandit nulla erat nec dui. </p><p style="text-align: justify;"><br></p><p style="text-align: center;"><em style="font-size: 10px;">Duis commodo eget velit sed hendrerit. In hendrerit luctus laoreet. Vestibulum ante ipsum primis in faucibus orci luctus. </em></p><p style="text-align: center;"><em style="font-size: 10px;">Et ultrices posuere cubilia curae; Aliquam bibendum ipsum ante, at tempor ante dapibus a. Proin commodo aliquam sapien eu rhoncus.</em></p><p><br></p>','Lincoln','03251','NH','False','','America/Chicago','White Mountain Trail Stewards','/file-asset-public/FlowToolKit_VolunteerTrailbuilding2','','5');
INSERT INTO "GW_Volunteers__Volunteer_Job__c" VALUES(17,'False','United States','Macomb Park','','','','','Cleanup','Groups;Individuals','<p>Join us for a fun-filled day of community service and celebration at Macomb Park! We&#39;re looking for volunteers to help us with park cleanup and maintenance, followed by a potluck and BBQ for all volunteers and community members.</p><p><br></p><p><strong style="font-size: 16px;">Tasks</strong>:</p><ul><li>Pick up trash and debris within the park</li><li>Perform landscape maintenance (e.g. weeding, raking, planting)</li><li>Set up tables, chairs, and other equipment for the BBQ</li><li>Help with food preparation and serving during the potluck and BBQ</li><li>Assist with clean up after the event</li></ul><p><strong style="font-size: 16px;">Skills and Qualifications:</strong></p><ul><li>Ability to work outdoors and perform physical tasks (e.g. lifting, bending, stooping)</li><li>Attention to detail and ability to follow instructions</li><li>Friendly and positive attitude, with excellent communication and interpersonal skills</li><li>Willingness to work collaboratively as part of a team</li><li>Food handling or preparation experience is a plus, but not required</li></ul><p style="text-align: justify;">This is a great opportunity to make a difference in your community while also having fun and meeting new people. We hope you&#39;ll join us for this exciting event!</p>','True','','False','San Francisco','<p style="text-align: justify;"><strong style="font-size: 16px;">Quisque diam risus, fermentum facilisis eros eget, auctor lacinia dui</strong>. </p><p style="text-align: justify;">Mauris nec rhoncus dui. Interdum et malesuada fames ac ante ipsum primis in faucibus. Interdum et malesuada fames ac ante ipsum primis in faucibus. Donec eleifend varius lorem ut consectetur. Etiam non porta augue. Mauris condimentum sagittis ligula bibendum laoreet. </p><p style="text-align: justify;"><br></p><p style="text-align: justify;"><strong style="font-size: 16px;">Cras dapibus elit at lacus euismod viverra ac porttitor felis</strong>. </p><p style="text-align: justify;">Class aptent taciti sociosqu ad litora torquent per conubia nostra, per inceptos himenaeos. Etiam semper dui quis tellus hendrerit mollis. Orci varius natoque penatibus et magnis dis parturient montes, nascetur ridiculus mus. Praesent tellus nulla, rhoncus ac vulputate a, varius ac sem. Quisque suscipit eleifend viverra. Proin sed lorem eget sapien volutpat accumsan quis quis metus. Etiam leo arcu, molestie quis hendrerit vitae, ultricies non sem.</p><p><br></p>','747 Howard St','94103','CA','False','Marketing','America/Chicago','Macomb Park Cleanup and BBQ!','/file-asset-public/FlowToolKit_VolunteersCleanup','','5');
INSERT INTO "GW_Volunteers__Volunteer_Job__c" VALUES(18,'False','United States','Moscone Center','','','5.0','','Tabling','Individuals','<p><strong style="font-size: 22px;">Promote Solarize Program @ Dreamforce</strong></p><p>We are looking for enthusiastic volunteers to help promote our Solarize Program at Dreamforce, one of the largest tech conferences in the world. As a volunteer, you will have the opportunity to engage with attendees and talk to them about the benefits of our solar panel program. You will help us spread the word about our initiative and encourage people to sign up for our program.</p><p>Tasks:</p><ul><li>Engage with conference attendees and promote our Solarize Program</li><li>Educate attendees about the benefits of using solar panels</li><li>Answer any questions attendees may have about the program</li><li>Encourage attendees to sign up for our Solarize Program</li><li>Collect contact information of interested attendees for follow-up purposes</li></ul><p><strong style="font-size: 16px;">Skills needed:</strong></p><ul><li>Excellent communication skills</li><li>Outgoing personality and ability to engage with people</li><li>Knowledge or interest in renewable energy and sustainability</li><li>Positive attitude and enthusiasm for the Solarize Program</li><li>Ability to work well in a team environment</li><li>Basic computer skills for data collection and follow-up</li></ul><p><strong style="font-size: 16px;">We provide:</strong></p><ul><li>Comprehensive training on the Solarize Program and our initiative</li><li>Marketing materials and handouts to use during the event</li><li>Support and guidance from our team during the event</li><li>Opportunities to network with like-minded individuals</li></ul><p style="text-align: justify;">This is a great opportunity to be part of a meaningful initiative and promote sustainable energy practices. If you are passionate about sustainability and want to make a positive impact, we encourage you to join our team. Please email us at [contact email] if you are interested in becoming a volunteer for the Solarize Program @ Dreamforce.</p>','True','','False','San Francisco','<p style="text-align: justify;"><strong style="font-size: 16px;">Quisque diam risus, fermentum facilisis eros eget, auctor lacinia dui</strong>. </p><p style="text-align: justify;">Mauris nec rhoncus dui. Interdum et malesuada fames ac ante ipsum primis in faucibus. Interdum et malesuada fames ac ante ipsum primis in faucibus. Donec eleifend varius lorem ut consectetur. Etiam non porta augue. Mauris condimentum sagittis ligula bibendum laoreet. </p><p style="text-align: justify;"><br></p><p style="text-align: justify;"><strong style="font-size: 16px;">Cras dapibus elit at lacus euismod viverra ac porttitor felis</strong>. </p><p style="text-align: justify;">Class aptent taciti sociosqu ad litora torquent per conubia nostra, per inceptos himenaeos. Etiam semper dui quis tellus hendrerit mollis. Orci varius natoque penatibus et magnis dis parturient montes, nascetur ridiculus mus. Praesent tellus nulla, rhoncus ac vulputate a, varius ac sem. Quisque suscipit eleifend viverra. Proin sed lorem eget sapien volutpat accumsan quis quis metus. Etiam leo arcu, molestie quis hendrerit vitae, ultricies non sem.</p><p><br></p>','747 Howard St','94103','CA','False','Marketing','America/Chicago','Promote Solarize Program @ Dreamforce','/file-asset-public/FlowToolKit_VolunteersHandsIn','','1');
INSERT INTO "GW_Volunteers__Volunteer_Job__c" VALUES(19,'False','Canada','Salesforce Tower Ranch','','','50.0','','One-on-One Support','Individuals','<p>Volunteers will be an important part of our equine therapy program, providing support to our clients during after school sessions. Volunteers will work closely with clients and horses to ensure safety and a positive experience for everyone involved. Volunteers will assist with grooming, tacking, leading, and guiding horses during sessions.</p><p><br></p><p><strong style="font-size: 16px;">Tasks:</strong></p><ul><li>Groom and tack horses before and after sessions</li><li>Guide and walk horses with clients during sessions</li><li>Assist clients with mounting and dismounting horses</li><li>Clean and maintain equipment and barn area</li><li>Assist instructors with setup and cleanup of sessions</li></ul><p><strong style="font-size: 16px;">Skills Needed:</strong></p><ul><li>Comfortable working with horses and clients with disabilities</li><li>Basic horse handling skills and knowledge of horse behavior</li><li>Ability to follow directions and work as a team</li><li>Good communication skills and ability to interact positively with clients and staff</li><li>Ability to lift up to 50 pounds and perform physical tasks such as bending and walking</li></ul><p>Join us in making a difference in the lives of our clients and horses through equine therapy!</p>','True','','False','San Francisco','<p style="text-align: justify;"><strong style="font-size: 14px;">Lorem ipsum dolor sit amet, consectetur adipiscing elit</strong>. </p><p style="text-align: justify;">Nam vitae sodales dui, a tempus mi. Donec suscipit gravida placerat. Integer placerat erat non nibh gravida aliquet. Ut arcu mi, elementum in purus in, ullamcorper vulputate augue. Pellentesque egestas vestibulum maximus. Praesent ultricies ultricies semper. Sed vitae maximus nisi. Duis tincidunt tempus erat id tristique. Aliquam erat volutpat. Pellentesque imperdiet, arcu laoreet commodo ornare, mi ex consectetur est, in blandit nulla erat nec dui. </p><p style="text-align: justify;"><br></p><p style="text-align: center;"><em style="font-size: 10px;">Duis commodo eget velit sed hendrerit. In hendrerit luctus laoreet. Vestibulum ante ipsum primis in faucibus orci luctus. </em></p><p style="text-align: center;"><em style="font-size: 10px;">Et ultrices posuere cubilia curae; Aliquam bibendum ipsum ante, at tempor ante dapibus a. Proin commodo aliquam sapien eu rhoncus.</em></p><p><br></p>','415 Mission St','94105','CA','False','','America/Chicago','After School Ride Support','/file-asset-public/FlowToolKit_VolunteerHorseTherapy3','','4');
INSERT INTO "GW_Volunteers__Volunteer_Job__c" VALUES(20,'False','United States','Swope Park meet @ Pavilion','','','','','Cleanup','Groups;Individuals','<p>As a volunteer for the Monthly Cleanup @ Swope Park, you will be joining our park cleanup program to help maintain and preserve the beauty of this local park. You will be participating in a variety of tasks including picking up trash and debris throughout the park, as well as performing landscaping maintenance to ensure a safe and clean environment for all visitors.</p><p><br></p><p><strong style="font-size: 16px;">Key Responsibilities:</strong></p><ul><li>Assist in the clean-up of the park, including trash and debris removal</li><li>Perform landscaping tasks such as weeding, pruning, and watering</li><li>Assist with the maintenance of trails and paths</li><li>Attend and participate in monthly clean-up events</li></ul><p><strong style="font-size: 16px;">Skills and Qualifications:</strong></p><ul><li>Ability to perform physical tasks such as bending, lifting, and carrying up to 25 pounds</li><li>Ability to work outdoors in various weather conditions</li><li>Ability to work in a team environment</li><li>Strong communication skills</li><li>Willingness to follow instructions and take direction</li></ul><p>Volunteering for the Monthly Cleanup @ Swope Park is a great opportunity to give back to your community, meet new people, and contribute to the beautification of this important local park. We look forward to working with you!</p>','True','','False','Kansas City','<p style="text-align: justify;"><strong style="font-size: 14px;">Lorem ipsum dolor sit amet, consectetur adipiscing elit</strong>. </p><p style="text-align: justify;">Nam vitae sodales dui, a tempus mi. Donec suscipit gravida placerat. Integer placerat erat non nibh gravida aliquet. Ut arcu mi, elementum in purus in, ullamcorper vulputate augue. Pellentesque egestas vestibulum maximus. Praesent ultricies ultricies semper. Sed vitae maximus nisi. Duis tincidunt tempus erat id tristique. Aliquam erat volutpat. Pellentesque imperdiet, arcu laoreet commodo ornare, mi ex consectetur est, in blandit nulla erat nec dui. </p><p style="text-align: justify;"><br></p><p style="text-align: center;"><em style="font-size: 10px;">Duis commodo eget velit sed hendrerit. In hendrerit luctus laoreet. Vestibulum ante ipsum primis in faucibus orci luctus. </em></p><p style="text-align: center;"><em style="font-size: 10px;">Et ultrices posuere cubilia curae; Aliquam bibendum ipsum ante, at tempor ante dapibus a. Proin commodo aliquam sapien eu rhoncus.</em></p><p><br></p>','3999 Swope Pkwy','64132','MO','False','Manual Labor','America/Chicago','Monthly Cleanup @ Swope Park','/file-asset-public/FlowToolKit_VolunteerParkCleanup','','5');
INSERT INTO "GW_Volunteers__Volunteer_Job__c" VALUES(21,'False','Canada','Salesforce Tower Pet Project','','','','','Provide Transportation','Individuals','<p>We are seeking a responsible volunteer to help transport Gus, a lovable dog, to his annual checkup at the vet. The volunteer will drive Gus to the vet, wait during the appointment, and bring Gus back home safely. This is an important task, as Gus is a beloved member of our organization and we want to ensure he receives the proper care he needs.</p><p><br></p><p><strong style="font-size: 16px;">Tasks</strong>:</p><ul><li>Drive Gus to and from the vet for his annual checkup</li><li>Ensure Gus is safe and comfortable during transportation</li><li>Wait during the appointment and communicate with the vet if necessary</li><li>Follow any instructions provided by the vet</li><li>Provide any necessary feedback or information to Gus&#39; owners</li></ul><p><strong style="font-size: 16px;">Skills needed:</strong></p><ul><li>Responsible and reliable</li><li>Safe and careful driver with a valid driver&#39;s license</li><li>Comfortable around dogs and able to handle a friendly, medium-sized dog</li><li>Good communication skills to relay information to Gus&#39; owners and the vet</li><li>Ability to follow instructions and attention to detail</li></ul><p><strong style="font-size: 16px;">We provide:</strong></p><ul><li>Information about Gus and his medical history</li><li>Clear instructions for transportation and communication with the vet</li><li>Reimbursement for gas expenses</li></ul><p>This is a great opportunity to help a beloved member of our organization and ensure he receives the proper care he needs. If you are responsible and comfortable around dogs, and want to make a difference, we encourage you to apply for this opportunity. Please email us at [contact email] if you are interested in becoming a volunteer for Transport Gus to Annual Checkup.</p>','True','','False','San Francisco','<p style="text-align: justify;"><strong style="font-size: 14px;">Lorem ipsum dolor sit amet, consectetur adipiscing elit</strong>. </p><p style="text-align: justify;">Nam vitae sodales dui, a tempus mi. Donec suscipit gravida placerat. Integer placerat erat non nibh gravida aliquet. Ut arcu mi, elementum in purus in, ullamcorper vulputate augue. Pellentesque egestas vestibulum maximus. Praesent ultricies ultricies semper. Sed vitae maximus nisi. Duis tincidunt tempus erat id tristique. Aliquam erat volutpat. Pellentesque imperdiet, arcu laoreet commodo ornare, mi ex consectetur est, in blandit nulla erat nec dui. </p><p style="text-align: justify;"><br></p><p style="text-align: center;"><em style="font-size: 10px;">Duis commodo eget velit sed hendrerit. In hendrerit luctus laoreet. Vestibulum ante ipsum primis in faucibus orci luctus. </em></p><p style="text-align: center;"><em style="font-size: 10px;">Et ultrices posuere cubilia curae; Aliquam bibendum ipsum ante, at tempor ante dapibus a. Proin commodo aliquam sapien eu rhoncus.</em></p><p><br></p>','415 Mission St','94105','CA','False','','America/Chicago','Transport Gus to Annual Checkup','/file-asset-public/VolunteerDog1','','2');
INSERT INTO "GW_Volunteers__Volunteer_Job__c" VALUES(22,'False','United States','Salesforce Senior Pet Project','','','','','Organizational Support','Individuals','<p style="text-align: justify;"><strong style="font-size: 16px;">Lorem ipsum dolor sit amet.</strong></p><p style="text-align: justify;">consectetur adipiscing elit. Mauris cursus hendrerit nibh, eget sodales magna sagittis id. Phasellus auctor ex a ipsum pretium tincidunt. Praesent erat lectus, ornare vitae viverra id, dignissim sed massa. Vivamus in magna eu lectus malesuada vehicula. Etiam non tincidunt arcu. Aliquam semper felis magna, sagittis varius nunc volutpat laoreet.</p><p style="text-align: justify;"><br></p><p style="text-align: center;"><em style="font-size: 16px;">Quisque in faucibus lectus</em></p><p style="text-align: center;"><em style="font-size: 16px;">Sit amet molestie ipsum</em></p><p style="text-align: center;"><em style="font-size: 16px;">Curabitur id imperdiet felis. </em></p><p style="text-align: justify;"><br></p><ul><li style="text-align: justify;"><span style="font-size: 16px;">Nullam pellentesque venenatis aliquet. </span></li><li style="text-align: justify;"><span style="font-size: 16px;">Donec arcu risus, fringilla at luctus at, congue aliquam sem. </span></li><li style="text-align: justify;"><span style="font-size: 16px;">Nam pellentesque. </span></li><li style="text-align: justify;"><span style="font-size: 16px;">ligula ac laoreet dignissi.</span></li></ul><p style="text-align: justify;">Urna mauris gravida sem, at fringilla libero elit vitae justo. Aliquam porttitor gravida lacus, faucibus iaculis nulla. Curabitur id mauris rutrum sem vehicula ullamcorper. Ut scelerisque tellus at tortor malesuada dignissim. Proin vel gravida nunc, quis dignissim diam. Aliquam ultricies ultricies ullamcorper. Duis pulvinar mi at ipsum malesuada, nec eleifend diam consequat. Praesent nulla diam, congue eget consectetur ut, dignissim et orci. Nulla ut leo non mauris tincidunt eleifend. Vestibulum tempor dolor in varius tempus. Curabitur vehicula iaculis rhoncus.</p><p style="text-align: justify;"><br></p><p style="text-align: center;"><em>Nulla efficitur turpis tortor, ac pellentesque justo posuere sed. Sed suscipit diam magna, nec congue quam ultrices in.</em></p>','True','','False','Chicago','','111 W Illinois St','60654','IL','False','','America/Chicago','Daily Dog Walking','/file-asset-public/FlowToolKit_VolunteerDog3','','2');
INSERT INTO "GW_Volunteers__Volunteer_Job__c" VALUES(23,'True','United States','Salesforce Food Bank','','','','','Food Sorting','Groups;Individuals;Youth/Children','<p>We are seeking volunteers to help sort and package donated food items at our food bank on weekends. The food bank relies on volunteers to help sort and package donations, which will be distributed to people in need. This is a great opportunity to make a direct impact in your community and help fight food insecurity.</p><p><br></p><p><strong style="font-size: 16px;">Tasks</strong>:</p><ul><li>Sort and package donated food items</li><li>Ensure quality and safety of donated food items</li><li>Organize and stock food items</li><li>Maintain cleanliness of the sorting area</li><li>Follow any instructions provided by the food bank staff</li></ul><p><strong style="font-size: 16px;">Skills needed:</strong></p><ul><li>Attention to detail and ability to follow instructions</li><li>Good organizational skills</li><li>Ability to work in a team environment</li><li>Comfortable lifting boxes and standing for an extended period of time</li><li>Good communication skills</li></ul><p><strong style="font-size: 16px;">We provide:</strong></p><ul><li>Comprehensive training on food sorting and packaging procedures</li><li>A supportive and inclusive work environment</li><li>Opportunities to learn about food insecurity and community engagement</li><li>Opportunities to meet new people and work in a team environment</li></ul><p style="text-align: justify;">This is a great opportunity to make a direct impact in your community and help fight food insecurity. If you are passionate about helping others, want to learn new skills, and make a difference, we encourage you to apply for this opportunity. Please email us at [contact email] if you are interested in becoming a volunteer for Weekend Food Sorting @ Food Bank.</p>','True','','False','Burlington','<p style="text-align: justify;"><strong style="font-size: 16px;">Quisque diam risus, fermentum facilisis eros eget, auctor lacinia dui</strong>. </p><p style="text-align: justify;">Mauris nec rhoncus dui. Interdum et malesuada fames ac ante ipsum primis in faucibus. Interdum et malesuada fames ac ante ipsum primis in faucibus. Donec eleifend varius lorem ut consectetur. Etiam non porta augue. Mauris condimentum sagittis ligula bibendum laoreet. </p><p style="text-align: justify;"><br></p><p style="text-align: justify;"><strong style="font-size: 16px;">Cras dapibus elit at lacus euismod viverra ac porttitor felis</strong>. </p><p style="text-align: justify;">Class aptent taciti sociosqu ad litora torquent per conubia nostra, per inceptos himenaeos. Etiam semper dui quis tellus hendrerit mollis. Orci varius natoque penatibus et magnis dis parturient montes, nascetur ridiculus mus. Praesent tellus nulla, rhoncus ac vulputate a, varius ac sem. Quisque suscipit eleifend viverra. Proin sed lorem eget sapien volutpat accumsan quis quis metus. Etiam leo arcu, molestie quis hendrerit vitae, ultricies non sem.</p><p><br></p>','5 Wall St','01803','MA','False','Manual Labor','America/Chicago','Weekend Food Sorting @ Food Bank','/file-asset-public/FlowToolKit_VolunteerFoodSort2','','6');
INSERT INTO "GW_Volunteers__Volunteer_Job__c" VALUES(24,'False','Canada','Salesforce Tower Ranch','','','','','Organizational Support','Individuals','<p>As a Recycling Center Support Team volunteer, you will be responsible for helping the public who bring their recycling to the center. You will guide them on where to put their glass, cardboard, and cans. This volunteer opportunity is perfect for anyone who wants to help reduce waste and promote recycling in the community.</p><p><br></p><p><strong style="font-size: 16px;">Tasks</strong>:</p><ul><li>Greet visitors and guide them on where to put their recycling.</li><li>Assist with organizing and separating the recycling materials.</li><li>Help maintain the cleanliness of the recycling center.</li><li>Educate the public on the importance of recycling.</li></ul><p><strong style="font-size: 16px;">Skills needed:</strong></p><ul><li>Excellent communication skills and ability to interact with the public.</li><li>Ability to work independently and in a team setting.</li><li>Knowledge of recycling and environmental conservation is a plus, but not required.</li><li>Ability to lift and move heavy items if needed.</li></ul><p>This volunteer position is an excellent way to make a difference in the community by promoting and facilitating recycling. Volunteers will gain experience working with the public, learning about recycling processes, and contributing to a cleaner environment.</p>','True','','False','San Francisco','<p style="text-align: justify;"><strong style="font-size: 14px;">Lorem ipsum dolor sit amet, consectetur adipiscing elit</strong>. </p><p style="text-align: justify;">Nam vitae sodales dui, a tempus mi. Donec suscipit gravida placerat. Integer placerat erat non nibh gravida aliquet. Ut arcu mi, elementum in purus in, ullamcorper vulputate augue. Pellentesque egestas vestibulum maximus. Praesent ultricies ultricies semper. Sed vitae maximus nisi. Duis tincidunt tempus erat id tristique. Aliquam erat volutpat. Pellentesque imperdiet, arcu laoreet commodo ornare, mi ex consectetur est, in blandit nulla erat nec dui. </p><p style="text-align: justify;"><br></p><p style="text-align: center;"><em style="font-size: 10px;">Duis commodo eget velit sed hendrerit. In hendrerit luctus laoreet. Vestibulum ante ipsum primis in faucibus orci luctus. </em></p><p style="text-align: center;"><em style="font-size: 10px;">Et ultrices posuere cubilia curae; Aliquam bibendum ipsum ante, at tempor ante dapibus a. Proin commodo aliquam sapien eu rhoncus.</em></p><p><br></p>','415 Mission St','94105','CA','False','','America/Chicago','Recycling Center Support Team','/file-asset-public/FlowToolKit_VolunteerRecycleCenter','','5');
INSERT INTO "GW_Volunteers__Volunteer_Job__c" VALUES(25,'True','Canada','Salesforce Tower Pet Project','','','','','Foster/Adopt','Individuals','<p>Our animal shelter is looking for dedicated volunteers who are willing to provide a temporary home for dogs in need. As a Foster Volunteer, you will be responsible for welcoming a dog into your home, providing basic care, and helping prepare them for adoption. This is a rewarding opportunity to make a significant difference in the life of a dog while they wait for their forever home.</p><p><br></p><p><strong style="font-size: 16px;">Type of Task:</strong></p><ul><li>Welcome a dog into your home and provide a safe and comfortable environment.</li><li>Provide basic care, including feeding, walking, and grooming.</li><li>Help socialize the dog and work on basic training, such as housebreaking.</li><li>Bring the dog to adoption events and provide updates to the shelter staff.</li><li>Communicate with shelter staff and veterinarians to ensure the dog&#39;s health and well-being.</li></ul><p><strong style="font-size: 16px;">Skills Needed:</strong></p><ul><li>Must be at least 21 years old.</li><li>Must have a secure and stable living situation that is suitable for a dog.</li><li>Must be willing to provide basic care, including feeding, walking, and grooming.</li><li>Must have experience with dogs and be comfortable with basic training.</li><li>Must be able to provide transportation to adoption events and veterinary appointments.</li><li>Must have good communication skills and be able to work with shelter staff and veterinarians.</li></ul><p>This is a great opportunity for animal lovers who want to make a difference in the lives of dogs in need. Become a Foster Volunteer and help us provide a safe and loving temporary home for our shelter dogs!</p>','True','','False','Toronto','<p style="text-align: justify;"><strong style="font-size: 14px;">Lorem ipsum dolor sit amet, consectetur adipiscing elit</strong>. </p><p style="text-align: justify;">Nam vitae sodales dui, a tempus mi. Donec suscipit gravida placerat. Integer placerat erat non nibh gravida aliquet. Ut arcu mi, elementum in purus in, ullamcorper vulputate augue. Pellentesque egestas vestibulum maximus. Praesent ultricies ultricies semper. Sed vitae maximus nisi. Duis tincidunt tempus erat id tristique. Aliquam erat volutpat. Pellentesque imperdiet, arcu laoreet commodo ornare, mi ex consectetur est, in blandit nulla erat nec dui. </p><p style="text-align: justify;"><br></p><p style="text-align: center;"><em style="font-size: 10px;">Duis commodo eget velit sed hendrerit. In hendrerit luctus laoreet. Vestibulum ante ipsum primis in faucibus orci luctus. </em></p><p style="text-align: center;"><em style="font-size: 10px;">Et ultrices posuere cubilia curae; Aliquam bibendum ipsum ante, at tempor ante dapibus a. Proin commodo aliquam sapien eu rhoncus.</em></p><p><br></p>','10 Bay St. #400','M5J 2R8','ON','True','','America/Chicago','Foster a Dog','/file-asset-public/FlowToolKit_VolunteerFosterAPet2','','2');
INSERT INTO "GW_Volunteers__Volunteer_Job__c" VALUES(26,'False','United States','Salesforce Mountain Bike Park','','','','','Trail Building','Individuals','<p>We are looking for volunteers to assist in the maintenance of our bike park this spring season. As a volunteer, you will be helping repair trails, clean brush and debris, and prepare the park for the upcoming biking season.</p><p><br></p><p><strong style="font-size: 16px;">Tasks:</strong></p><ul><li>Repairing trails and fixing any damage caused by winter weather</li><li>Clearing brush and debris from the park to make it safe for bikers</li><li>Checking the equipment and ensuring it is safe to use</li><li>Painting signs and touch up paint around the park</li></ul><p><strong style="font-size: 16px;">Skills needed:</strong></p><ul><li>Ability to work outdoors and in varying weather conditions</li><li>Good communication and team-working skills</li><li>Ability to perform light physical work</li><li>Basic knowledge of trail maintenance and bike park care is a plus but not required</li></ul><p style="text-align: justify;">We welcome volunteers of all ages and abilities. This is a great opportunity for outdoor enthusiasts who want to give back to their community while enjoying the beautiful spring weather. Join us in our efforts to provide a safe and fun environment for bikers of all ages and skill levels.</p>','True','','False','Chicago','','111 W Illinois St','60654','IL','False','','America/Chicago','Spring Maintenance @ Bike Park','/file-asset-public/FlowToolKit_VolunteerTrailBuilding1','','5');
INSERT INTO "GW_Volunteers__Volunteer_Job__c" VALUES(27,'False','Canada','Salesforce Tower','','','','','Organizational Support','Individuals','<p>Our Fall Fundraising Gala is a major event for our organization and we need volunteers to help set up the event. As an Event Setup Volunteer, you will be an essential part of the team that transforms the venue into a festive and welcoming space for our guests.</p><p><br></p><p><strong style="font-size: 16px;">Tasks:</strong></p><ul><li>Assist with the setup of tables, chairs, and decorations</li><li>Help with the placement of food and beverage stations</li><li>Assist with the setup of any audiovisual equipment</li><li>Work with other volunteers and staff to ensure everything is ready for the event</li></ul><p><strong style="font-size: 16px;">Skills</strong>:</p><ul><li>Ability to follow instructions and work as part of a team</li><li>Physically capable of lifting and moving items</li><li>Attention to detail and ability to work efficiently</li><li>Flexibility and willingness to adapt to changing circumstances</li></ul><p><strong style="font-size: 16px;">What to Expect:</strong></p><ul><li>A fun and rewarding experience working with a team of dedicated volunteers and staff</li><li>The opportunity to contribute to the success of a major fundraising event</li><li>The chance to learn new skills and gain experience in event planning and setup</li></ul><p>Join us as an Event Setup Volunteer and help us create an amazing experience for our guests at our Fall Fundraising Gala!</p>','True','','False','San Francisco','<p style="text-align: justify;"><strong style="font-size: 14px;">Lorem ipsum dolor sit amet, consectetur adipiscing elit</strong>. </p><p style="text-align: justify;">Nam vitae sodales dui, a tempus mi. Donec suscipit gravida placerat. Integer placerat erat non nibh gravida aliquet. Ut arcu mi, elementum in purus in, ullamcorper vulputate augue. Pellentesque egestas vestibulum maximus. Praesent ultricies ultricies semper. Sed vitae maximus nisi. Duis tincidunt tempus erat id tristique. Aliquam erat volutpat. Pellentesque imperdiet, arcu laoreet commodo ornare, mi ex consectetur est, in blandit nulla erat nec dui. </p><p style="text-align: justify;"><br></p><p style="text-align: center;"><em style="font-size: 10px;">Duis commodo eget velit sed hendrerit. In hendrerit luctus laoreet. Vestibulum ante ipsum primis in faucibus orci luctus. </em></p><p style="text-align: center;"><em style="font-size: 10px;">Et ultrices posuere cubilia curae; Aliquam bibendum ipsum ante, at tempor ante dapibus a. Proin commodo aliquam sapien eu rhoncus.</em></p><p><br></p>','415 Mission St','94105','CA','False','Manual Labor','America/Chicago','Event Setup','/file-asset-public/FlowToolKit_VolunteerEventSetup','','1');
INSERT INTO "GW_Volunteers__Volunteer_Job__c" VALUES(28,'True','United States','Salesforce Food Bank','','','','','Food Sorting','Groups;Individuals;Youth/Children','<p><strong style="font-size: 22px;">Evening Food Sorting @ Food Bank</strong></p><p><br></p><p><strong style="font-size: 16px;">Overview</strong><span style="font-size: 14px;">:</span></p><ul><li><span style="font-size: 14px;">Help fight hunger in your community by volunteering at the local food bank</span></li><li><span style="font-size: 14px;">Sort and package donated food for distribution to families in need</span></li><li><span style="font-size: 14px;">No prior experience necessary; training provided on-site</span></li><li><span style="font-size: 14px;">Great opportunity to give back as an individual or as a team</span></li></ul><p><strong style="font-size: 16px;">Tasks and Roles:</strong></p><ul><li><span style="font-size: 14px;">Sort donated food by category</span></li><li><span style="font-size: 14px;">Check for expiration dates and quality of donated food</span></li><li><span style="font-size: 14px;">Package food in boxes for distribution</span></li><li><span style="font-size: 14px;">Help maintain the cleanliness of the sorting area</span></li></ul><p><strong style="font-size: 16px;">Expectations</strong><span style="font-size: 14px;">:</span></p><ul><li><span style="font-size: 14px;">Volunteers should dress comfortably and be prepared to stand for extended periods of time</span></li><li><span style="font-size: 14px;">Brief orientation and training provided upon check-in</span></li><li><span style="font-size: 14px;">Volunteers can expect to work alongside other dedicated volunteers</span></li><li><span style="font-size: 14px;">A great opportunity to give back to the community while building relationships with like-minded individuals</span></li></ul><p><strong style="font-size: 16px;">Impact:</strong></p><ul><li><span style="font-size: 14px;">By volunteering, you will help ensure that families in need have access to nutritious food</span></li><li><span style="font-size: 14px;">Make a tangible difference in the lives of those struggling with food insecurity</span></li><li><span style="font-size: 14px;">Join the fight against hunger and be a part of the solution in your community.</span></li></ul><p style="text-align: justify;"><span style="font-size: 14px;">If you&#39;re interested in volunteering for this position, you can expect to work in a fast-paced and dynamic environment. Volunteers play an integral role in the food bank&#39;s efforts to alleviate hunger in the community. You&#39;ll be working alongside other passionate volunteers who share your commitment to making a difference. No prior experience is necessary, and you&#39;ll receive a brief orientation and training upon check-in. So why wait? Sign up today and help us fight hunger in your community!</span></p>','True','','False','Burlington','<p style="text-align: justify;"><strong style="font-size: 16px;">Quisque diam risus, fermentum facilisis eros eget, auctor lacinia dui</strong>. </p><p style="text-align: justify;">Mauris nec rhoncus dui. Interdum et malesuada fames ac ante ipsum primis in faucibus. Interdum et malesuada fames ac ante ipsum primis in faucibus. Donec eleifend varius lorem ut consectetur. Etiam non porta augue. Mauris condimentum sagittis ligula bibendum laoreet. </p><p style="text-align: justify;"><br></p><p style="text-align: justify;"><strong style="font-size: 16px;">Cras dapibus elit at lacus euismod viverra ac porttitor felis</strong>. </p><p style="text-align: justify;">Class aptent taciti sociosqu ad litora torquent per conubia nostra, per inceptos himenaeos. Etiam semper dui quis tellus hendrerit mollis. Orci varius natoque penatibus et magnis dis parturient montes, nascetur ridiculus mus. Praesent tellus nulla, rhoncus ac vulputate a, varius ac sem. Quisque suscipit eleifend viverra. Proin sed lorem eget sapien volutpat accumsan quis quis metus. Etiam leo arcu, molestie quis hendrerit vitae, ultricies non sem.</p><p><br></p>','5 Wall St','01803','MA','False','Manual Labor','America/Denver','Evening Food Sorting @ Food Bank','/file-asset-public/FlowToolKit_VolunteerFoodSort2','','6');
CREATE TABLE "GW_Volunteers__Volunteers_Settings__c" (
	id INTEGER NOT NULL, 
	"GW_Volunteers__Contact_Match_Email_Fields__c" VARCHAR(255), 
	"GW_Volunteers__Contact_Match_First_Name_Fields__c" VARCHAR(255), 
	"GW_Volunteers__Contact_Matching_Rule__c" VARCHAR(255), 
	"GW_Volunteers__Google_Maps_API_Key__c" VARCHAR(255), 
	"GW_Volunteers__Grant_Guest_Users_Update_Access__c" VARCHAR(255), 
	"GW_Volunteers__Personal_Site_Org_Wide_Email_Name__c" VARCHAR(255), 
	"GW_Volunteers__Personal_Site_Report_Hours_Filtered__c" VARCHAR(255), 
	"GW_Volunteers__Personal_Site_Requires_URL_Email_Match__c" VARCHAR(255), 
	"GW_Volunteers__Recurring_Job_Future_Months__c" VARCHAR(255), 
	"GW_Volunteers__Signup_Bucket_Account_On_Create__c" VARCHAR(255), 
	"GW_Volunteers__Signup_Creates_Contacts_If_No_Match__c" VARCHAR(255), 
	"GW_Volunteers__Signup_Matches_Existing_Contacts__c" VARCHAR(255), 
	"Name" VARCHAR(255), 
	PRIMARY KEY (id)
);
INSERT INTO "GW_Volunteers__Volunteers_Settings__c" VALUES(1,'','','Firstname;Lastname;Email','','False','','False','False','4.0','','False','False','Volunteers Settings (Organization)');
CREATE TABLE "Location" (
	id INTEGER NOT NULL, 
	"Name" VARCHAR(255), 
	PRIMARY KEY (id)
);
CREATE TABLE "MilestoneType" (
	id INTEGER NOT NULL, 
	"Description" VARCHAR(255), 
	"Name" VARCHAR(255), 
	"RecurrenceType" VARCHAR(255), 
	PRIMARY KEY (id)
);
CREATE TABLE "OperatingHours" (
	id INTEGER NOT NULL, 
	"Name" VARCHAR(255), 
	"TimeZone" VARCHAR(255), 
	PRIMARY KEY (id)
);
CREATE TABLE "Pricebook2" (
	id INTEGER NOT NULL, 
	"Description" VARCHAR(255), 
	"IsActive" VARCHAR(255), 
	"Name" VARCHAR(255), 
	PRIMARY KEY (id)
);
CREATE TABLE "PricebookEntry" (
	id INTEGER NOT NULL, 
	"IsActive" VARCHAR(255), 
	"UnitPrice" VARCHAR(255), 
	"UseStandardPrice" VARCHAR(255), 
	"Pricebook2Id" VARCHAR(255), 
	"Product2Id" VARCHAR(255), 
	PRIMARY KEY (id)
);
CREATE TABLE "Product2" (
	id INTEGER NOT NULL, 
	"Name" VARCHAR(255), 
	PRIMARY KEY (id)
);
CREATE TABLE "ServiceContract" (
	id INTEGER NOT NULL, 
	"Name" VARCHAR(255), 
	PRIMARY KEY (id)
);
CREATE TABLE "WorkBadgeDefinition" (
	id INTEGER NOT NULL, 
	"Description" VARCHAR(255), 
	"ImageUrl" VARCHAR(255), 
	"IsActive" VARCHAR(255), 
	"IsCompanyWide" VARCHAR(255), 
	"IsLimitPerUser" VARCHAR(255), 
	"LimitNumber" VARCHAR(255), 
	"LimitStartDate" VARCHAR(255), 
	"Name" VARCHAR(255), 
	PRIMARY KEY (id)
);
COMMIT;
